keys,ru,en
RUN_SUMMARY_TITLE_DEATH,СОЗНАНИЕ УГАСЛО,CONSCIOUSNESS FADED
RUN_SUMMARY_SUBTITLE_DEATH,"БФЖ распался, не найдя нового тела.","The incorporeal one decayed, finding no new body."
RUN_SUMMARY_HEADING,ИТОГИ ЗАБЕГА,RUN SUMMARY
RUN_SUMMARY_REVIVE,Возродиться,Revive
RUN_SUMMARY_REVIVING,Возрождение…,Reviving…
RUN_STAT_TIME,Время забега,Run time
RUN_STAT_ROOMS,Комнат пройдено,Rooms visited
RUN_STAT_BODIES,Тел занято,Bodies taken
RUN_STAT_BODY_LIST,Какие тела,Which bodies
RUN_STAT_DAMAGE_TAKEN,Урона получено,Damage taken
RUN_STAT_DAMAGE_DEALT,Урона нанесено,Damage dealt
RUN_STAT_SKILL_POINTS,Очков навыков получено,Skill points earned
BODY_CORPSE,Труп,Corpse
BODY_WALKER,Ходок,Walker
BODY_CRAWLER,Ползун,Crawler
BODY_HOUND,Гончая,Hound
ARCHITECT_PROMPT,Архитектор,Architect
ARCHITECT_POINTS,Эссенция: %d,Essence: %d
ARCHITECT_ESSENCE_ONE,эссенция,essence
ARCHITECT_ESSENCE_FEW,эссенции,essence
ARCHITECT_ESSENCE_MANY,эссенций,essence
ARCHITECT_BRANCH_KNOWLEDGE,Знание,Knowledge
ARCHITECT_MAP,Карта комплекса,Complex map
ARCHITECT_MAP_DESC,"Архитектор делится планом комплекса. Каждый ранг открывает следующий уровень карты: посещённое на слое, весь слой, все слои, содержимое комнат. Карта целиком — на терминале в хабе, с последним рангом — по клавише где угодно.","The Architect shares the plan of the complex. Each rank opens the next map level: visited rooms of the layer, the whole layer, all layers, room contents. The full map is at the hub terminal; with the last rank, on a key press anywhere."
MAP_TITLE,Карта комплекса,Complex map
MAP_TERMINAL_PROMPT,Карта комплекса,Complex map
MAP_NO_LINK,Нет связи с Архитектором: карта недоступна,No link to the Architect: the map is unavailable
MAP_LEVEL,Уровень карты: %d из %d,Map level: %d of %d
MAP_CLOSE,Закрыть,Close
MAP_LAYER,L%d,L%d
MAP_LAYER_CLOSED,нет данных,no data
MAP_HERE,вы здесь,you are here
MAP_FLOOR,Этаж %d,Floor %d
MAP_ROOM,Комната,Room
MAP_CORRIDOR,Коридор,Corridor
MAP_VISITED,посещено,visited
MAP_UNEXPLORED,не исследовано,unexplored
MAP_PORTAL_UP,портал вверх,portal up
MAP_PORTAL_DOWN,портал вниз,portal down
MAP_PORTAL_TARGET,"→ L%d, этаж %d","→ L%d, floor %d"
MAP_LOCKED,заперт: нужен %s,locked: needs %s
MAP_HINT,"Наведите на комнату, чтобы узнать о ней. Клик по порталу переносит к его второму концу. Закрыть — Esc или клавиша карты.","Hover a room to learn about it. Clicking a portal takes you to its other end. Close with Esc or the map key."
MAP_UNIQUE_HUB,Хаб,Hub
MAP_UNIQUE_EXIT,Выход,Exit
MAP_UNIQUE_ARCHITECT,Архитектор,Architect
HUD_PROMPT_PASS,Пройти,Go through
HUD_PROMPT_UNSEAL,Открыть,Open
HUD_PROMPT_LOCKED,Заперто,Locked
HUD_PROMPT_SEALED,Прохода нет,No way through
HUD_PROMPT_UP,Подняться,Go up
HUD_PROMPT_DOWN,Спуститься,Go down
HUD_PROMPT_PORTAL_LOCKED,Портал заблокирован,The portal is blocked
HUD_PROMPT_PORTAL_DEAD,Портал мёртв,The portal is dead
HUD_PROMPT_SKILL_TREE,Древо навыков,Skill tree
HUD_PROMPT_NEEDS_BODY,Нужно тело: %s,Needs a body: %s
HUD_MSG_LOCKED_NEEDS,Заперто. Нужен %s,Locked. Requires %s
HUD_MSG_SEALED,Прохода нет: проём заварен,No way through: the doorway is welded shut
HUD_MSG_NO_JUMP,Этому телу нечем прыгать,This body has nothing to jump with
HUD_MSG_NO_SPRINT,Это тело не умеет бегать,This body can't run
HUD_MSG_NO_ROOM,Тело здесь не поместится,The body won't fit here
ITEM_LEVEL_ACCESS_KEY,ключ доступа к уровню,a level access key
HUD_CTRL_MOVE,Ход,Move
HUD_CTRL_FLIGHT,Полёт,Flight
HUD_CTRL_JUMP,Прыжок,Jump
HUD_CTRL_SPRINT,Бег,Sprint
KEY_MOUSE_LEFT,ЛКМ,LMB
KEY_MOUSE_RIGHT,ПКМ,RMB
KEY_MOUSE_MIDDLE,СКМ,MMB
KEY_WHEEL_UP,Колесо вверх,Wheel up
KEY_WHEEL_DOWN,Колесо вниз,Wheel down
KEY_MOUSE_4,Мышь 4,Mouse 4
KEY_MOUSE_5,Мышь 5,Mouse 5
KEY_MOUSE_N,Мышь %d,Mouse %d
KEY_SPACE,Пробел,Space
HUD_MAP_HIDE,Свернуть,Hide
HUD_MAP_FULL,Вся карта,Full map
ACTION_MAP_MINI,Мини-карта,Mini-map
MAP_TERMINAL_ONLY,Карта целиком — на терминале в хабе,The full map is at the hub terminal
MENU_TITLE,Astral Genesis,Astral Genesis
MENU_NEW_GAME,Новая игра,New game
MENU_LOAD,Загрузить,Load game
MENU_LOAD_EMPTY,нет сохранений,no saved run
MENU_SETTINGS,Настройки,Settings
MENU_QUIT,Выйти,Quit
MENU_BUILD,сборка %s,build %s
PAUSE_TITLE,Пауза,Paused
PAUSE_CONTINUE,Продолжить,Resume
PAUSE_SAVE,Сохранить,Save
PAUSE_SAVED,Сохранено,Saved
PAUSE_SAVE_NOTHING,Сохранять нечего,Nothing to save
PAUSE_TO_MENU,В меню,Quit to main menu
SETTINGS_TITLE,Настройки,Settings
SETTINGS_TAB_GRAPHICS,Графика,Graphics
SETTINGS_TAB_AUDIO,Звук,Audio
SETTINGS_TAB_CONTROLS,Управление,Controls
SETTINGS_PRESET,Пресет графики,Graphics preset
SETTINGS_PRESET_LOW,Низкий,Low
SETTINGS_PRESET_MEDIUM,Средний,Medium
SETTINGS_PRESET_HIGH,Высокий,High
SETTINGS_PRESET_CUSTOM,Собственный,Custom
SETTINGS_RES_SCALE,Масштаб разрешения,Resolution scale
SETTINGS_SHADOWS,Тени,Shadows
SETTINGS_SHADOW_RES,Разрешение теней,Shadow resolution
SETTINGS_AA,Сглаживание,Anti-aliasing
SETTINGS_AA_OFF,Выкл,Off
SETTINGS_VSYNC,Вертикальная синхронизация,Vertical synchronization
SETTINGS_FOV,Поле зрения,Field of view
SETTINGS_FPS_LIMIT,Ограничение FPS,Frame rate limit
SETTINGS_FPS_UNLIMITED,без ограничения,unlimited
SETTINGS_VOLUME_MASTER,Общая громкость,Master volume
SETTINGS_MOUSE_SENS,Чувствительность мыши,Mouse sensitivity
SETTINGS_KEYS,Клавиши,Key bindings
SETTINGS_ON,Вкл,On
SETTINGS_OFF,Выкл,Off
SETTINGS_REBIND_WAIT,нажмите клавишу,press a key
SETTINGS_REBIND_CANCEL,%s — отмена,%s to cancel
SETTINGS_REBIND_SWAPPED,«%s» и «%s» поменялись клавишами,“%s” and “%s” swapped keys
SETTINGS_CANCEL,Отмена,Cancel
SETTINGS_RESET,Сброс,Reset to defaults
SETTINGS_APPLY,Применить,Apply
SETTINGS_DIRTY,есть непримененные изменения,unapplied changes
SETTINGS_HINT_PRESET,"Задаёт масштаб, тени и сглаживание разом. Ручная правка любого из них переводит пресет в «Собственный».","Sets scale, shadows and anti-aliasing at once. Changing any of them by hand switches the preset to “Custom”."
SETTINGS_HINT_RES_SCALE,"Доля разрешения окна, в которой рисуется 3D. Интерфейс остаётся чётким.",Share of the window resolution the 3D view is drawn at. The interface stays sharp.
SETTINGS_HINT_SHADOW_RES,"Чёткость теней. Недоступно, пока тени выключены.",Shadow sharpness. Unavailable while shadows are off.
SETTINGS_HINT_FPS,0 — без ограничения.,0 means unlimited.
SETTINGS_HINT_KEYS,Клик по клавише — ждёт новую. Занятая клавиша меняется местами.,Click a key to wait for a new one. A taken key swaps places.
ACTION_MOVE_FORWARD,Вперёд,Move forward
ACTION_MOVE_BACKWARD,Назад,Move backward
ACTION_MOVE_LEFT,Влево,Strafe left
ACTION_MOVE_RIGHT,Вправо,Strafe right
ACTION_JUMP,Прыжок,Jump
ACTION_SPRINT,Бег,Sprint
ACTION_INTERACT,Взаимодействие,Interact
ACTION_SNATCH_BODY,Захват тела,Possess a body
ACTION_LEAVE_BODY,Покинуть тело,Leave the body
ACTION_MAP,Карта,Map
HINT_BACK,Назад,Back
